datetime,prio,description
1-1-20 23:50,high,demo 1
1-2-20 1:25,medium,demo 1
1-2-20 3:50,low,demo 1
1-2-20 6:45,low,demo 1
1-4-20 12:15,low,demo 1
1-6-20 13:25,medium,demo 1
1-8-20 6:35,low,demo 1
1-8-20 7:05,low,demo 1
1-12-20 4:15,high,demo 1
1-13-20 12:15,low,demo 1
1-15-20 10:23,low,demo 1
1-15-20 11:35,high,demo 1
1-16-20 7:15,medium,demo 1
1-16-20 16:35,low,demo 1
1-17-20 4:05,low,demo 1
1-17-20 6:15,low,demo 1
1-18-20 3:55,medium,demo 1
1-20-20 6:55,low,demo 1
1-20-20 6:45,low,demo 1
1-20-20 8:25,high,demo 1
1-21-20 16:15,low,demo 1
1-22-20 14:12,low,demo 1
1-23-20 2:03,high,demo 1
1-25-20 3:59,medium,demo 1
1-26-20 2:54,low,demo 1
1-27-20 6:31,low,demo 1
1-27-20 9:46,low,demo 1
1-28-20 12:45,medium,demo 1
1-29-20 14:35,low,demo 1
1-30-20 11:15,low,demo 1
1-31-20 1:05,high,demo 1
1-31-20 6:15,low,demo 1
